Column 1,Column 2,Column 3,Column 4,Column 5
[193 (372-0)](https://clerk.house.gov/Votes/2025193),Passed,On Motion to Suspend the Rules and Pass Jocelyn Nungaray National Wildlife Refuge Act,[S. 1596](https://www.congress.gov/bill/119/S/1596),"Jul 14, 2025"
[192 (336-36)](https://clerk.house.gov/Votes/2025192),Passed,On Motion to Suspend the Rules and Pass Consumer Safety Technology Act,[H. R. 1770](https://www.congress.gov/bill/119/HR/1770),"Jul 14, 2025"
[191 (360-10)](https://clerk.house.gov/Votes/2025191),Passed,On Motion to Suspend the Rules and Pass Understanding Cybersecurity of Mobile Networks Act,[H. R. 1709](https://www.congress.gov/bill/119/HR/1709),"Jul 14, 2025"
[190 (218-214)](https://clerk.house.gov/Votes/2025190),Passed,On Motion to Concur in the Senate Amendment One Big Beautiful Bill Act,[H. R. 1](https://www.congress.gov/bill/119/HR/1),"Jul 03, 2025"
[189 (219-213)](https://clerk.house.gov/Votes/2025189),Passed,"On Agreeing to the Resolution, as Amended Providing for consideration of the Senate amendment to the bill (H.R. 1) to provide for reconciliation pursuant to title II of H. Con. Res. 14",[H. Res. 566](https://www.congress.gov/bill/119/HRES/566),"Jul 03, 2025"
[188 (220-212)](https://clerk.house.gov/Votes/2025188),N/A,On Agreeing to the Amendment Foxx of North Carolina Amendment,[H. Res. 566](https://www.congress.gov/bill/119/HRES/566),"Jul 02, 2025"
[187 (214-212)](https://clerk.house.gov/Votes/2025187),Passed,On Ordering the Previous Question Providing for consideration of the Senate amendment to the bill (H.R. 1) to provide for reconciliation pursuant to title II of H. Con. Res. 14,[H. Res. 566](https://www.congress.gov/bill/119/HRES/566),"Jul 02, 2025"
[186 (212-211)](https://clerk.house.gov/Votes/2025186),Passed,On Consideration of the Resolution Providing for consideration of the Senate amendment to the bill (H.R. 1) to provide for reconciliation pursuant to title II of H. Con. Res. 14,[H. Res. 566](https://www.congress.gov/bill/119/HRES/566),"Jul 02, 2025"
[185 (215-195)](https://clerk.house.gov/Votes/2025185),Passed,"On Agreeing to the Resolution Condemning the violent June 2025 riots in Los Angeles, California",[H. Res. 516](https://www.congress.gov/bill/119/HRES/516),"Jun 27, 2025"
[184 (231-182)](https://clerk.house.gov/Votes/2025184),Passed,On Passage Special Interest Alien Reporting Act,[H. R. 275](https://www.congress.gov/bill/119/HR/275),"Jun 26, 2025"
[183 (246-160)](https://clerk.house.gov/Votes/2025183),Passed,On Passage Jeremy and Angel Seay and Sergeant Brandon Mendoza Protect Our Communities from DUIs Act,[H. R. 875](https://www.congress.gov/bill/119/HR/875),"Jun 26, 2025"
[182 (218-206)](https://clerk.house.gov/Votes/2025182),Passed,"On Passage Military Construction, Veterans Affairs, and Related Agencies Appropriations Act, 2026",[H. R. 3944](https://www.congress.gov/bill/119/HR/3944),"Jun 25, 2025"
[181 (208-216)](https://clerk.house.gov/Votes/2025181),Failed,"On Motion to Recommit Military Construction, Veterans Affairs, and Related Agencies Appropriations Act, 2026",[H. R. 3944](https://www.congress.gov/bill/119/HR/3944),"Jun 25, 2025"
[180 (219-206)](https://clerk.house.gov/Votes/2025180),N/A,On Agreeing to the Amendment Carter of Texas Amendment En Bloc No. 2,[H. R. 3944](https://www.congress.gov/bill/119/HR/3944),"Jun 25, 2025"
[179 (424-0)](https://clerk.house.gov/Votes/2025179),Passed,"On Motion to Suspend the Rules and Agree, as Amended Condemning the attacks on Minnesota lawmakers in Brooklyn Park and Champlin, Minnesota, and calling for unity and the rejection of political violence in Minnesota and across the United States",[H. Res. 519](https://www.congress.gov/bill/119/HRES/519),"Jun 25, 2025"
[178 (191-213)](https://clerk.house.gov/Votes/2025178),Failed,On Motion to AdjournVote Type:Yea-And-NayStatus:FailedView DetailsVotesyea:191nay:213present:0not voting:27View Detail,[View Details](/Votes/2025178?Page=2),"Jun 24, 2025"
[177 (217-206)](https://clerk.house.gov/Votes/2025177),Passed,"On Agreeing to the Resolution Providing for consideration of the bills H.R. 3944, H.R. 275, H.R. 875, and providing for consideration of the resolution H.Res. 516",[H. Res. 530](https://www.congress.gov/bill/119/HRES/530),"Jun 24, 2025"
[176 (219-208)](https://clerk.house.gov/Votes/2025176),Passed,"On Ordering the Previous Question Providing for consideration of the bills H.R. 3944, H.R. 275, H.R. 875, and providing for consideration of the resolution H.Res. 516",[H. Res. 530](https://www.congress.gov/bill/119/HRES/530),"Jun 24, 2025"
[175 (344-79)](https://clerk.house.gov/Votes/2025175),Passed,"On Motion to Table Impeaching Donald J. Trump, President of the United States, for high crimes and misdemeanors",[H. Res. 537](https://www.congress.gov/bill/119/HRES/537),"Jun 24, 2025"
[174 (321-87)](https://clerk.house.gov/Votes/2025174),Passed,"On Motion to Suspend the Rules and Pass, as Amended Promoting Opportunities for Non-Traditional Capital Formation Act",[H. R. 3422](https://www.congress.gov/bill/119/HR/3422),"Jun 23, 2025"
[173 (397-12)](https://clerk.house.gov/Votes/2025173),Passed,"On Motion to Suspend the Rules and Pass, as Amended Fair Investment Opportunities for Professional Experts Act",[H. R. 3394](https://www.congress.gov/bill/119/HR/3394),"Jun 23, 2025"
[172 (392-14)](https://clerk.house.gov/Votes/2025172),Passed,"On Motion to Suspend the Rules and Pass, as Amended Sanction Sea Pirates Act",[H. R. 1998](https://www.congress.gov/bill/119/HR/1998),"Jun 23, 2025"
[171 (224-194)](https://clerk.house.gov/Votes/2025171),Passed,On Passage District of Columbia Federal Immigration Compliance Act,[H. R. 2056](https://www.congress.gov/bill/119/HR/2056),"Jun 12, 2025"
[170 (205-215)](https://clerk.house.gov/Votes/2025170),Failed,On Motion to Recommit District of Columbia Federal Immigration Compliance Act,[H. R. 2056](https://www.congress.gov/bill/119/HR/2056),"Jun 12, 2025"
[169 (206-218)](https://clerk.house.gov/Votes/2025169),Failed,On Motion to AdjournVote Type:Recorded VoteStatus:FailedView DetailsVotesAye:206No:218present:0not voting:8View Detail,[View Details](/Votes/2025169?Page=3),"Jun 12, 2025"
[168 (214-212)](https://clerk.house.gov/Votes/2025168),Passed,On Passage Rescissions Act,[H. R. 4](https://www.congress.gov/bill/119/HR/4),"Jun 12, 2025"
[167 (208-218)](https://clerk.house.gov/Votes/2025167),Failed,On Motion to Recommit Rescissions Act,[H. R. 4](https://www.congress.gov/bill/119/HR/4),"Jun 12, 2025"
[166 (321-104)](https://clerk.house.gov/Votes/2025166),Passed,On Passage HALT Fentanyl Act,[S. 331](https://www.congress.gov/bill/119/S/331),"Jun 12, 2025"
[165 (213-207)](https://clerk.house.gov/Votes/2025165),Passed,On Agreeing to the Resolution Providing for consideration of the bill (H.R. 4) the Rescissions Act; and for other purposes,[H. Res. 499](https://www.congress.gov/bill/119/HRES/499),"Jun 11, 2025"
[164 (210-204)](https://clerk.house.gov/Votes/2025164),Passed,On Ordering the Previous Question Providing for consideration of the bill (H.R. 4) the Rescissions Act; and for other purposes,[H. Res. 499](https://www.congress.gov/bill/119/HRES/499),"Jun 11, 2025"
[163 (266-148)](https://clerk.house.gov/Votes/2025163),Passed,On Passage To prohibit individuals who are not citizens of the United States from voting in elections in the District of Columbia and to repeal the Local Resident Voting Rights Amendment Act of 2022,[H. R. 884](https://www.congress.gov/bill/119/HR/884),"Jun 10, 2025"
[162 (235-178)](https://clerk.house.gov/Votes/2025162),Passed,On Passage Protecting Our Nation’s Capital Emergency Act,[H. R. 2096](https://www.congress.gov/bill/119/HR/2096),"Jun 10, 2025"
[161 (211-206)](https://clerk.house.gov/Votes/2025161),Passed,"On Agreeing to the Resolution Providing for consideration of the bills H.R. 884, H.R. 2056, H.R. 2096, S. 331, and for other purposes",[H. Res. 489](https://www.congress.gov/bill/119/HRES/489),"Jun 10, 2025"
[160 (213-206)](https://clerk.house.gov/Votes/2025160),Passed,"On Ordering the Previous Question Providing for consideration of the bills H.R. 884, H.R. 2056, H.R. 2096, S. 331, and for other purposes",[H. Res. 489](https://www.congress.gov/bill/119/HRES/489),"Jun 10, 2025"
[159 (400-0)](https://clerk.house.gov/Votes/2025159),Passed,"On Motion to Suspend the Rules and Agree Condemning the rise in ideologically motivated attacks on Jewish individuals in the United States, including the recent violent assault in Boulder, Colorado, and reaffirming the House of Representatives commitment to combatting antisemitism and politically motivated violence",[H. Res. 481](https://www.congress.gov/bill/119/HRES/481),"Jun 09, 2025"
[158 (280-113)](https://clerk.house.gov/Votes/2025158),Passed,"On Motion to Suspend the Rules and Agree Denouncing the antisemitic terrorist attack in Boulder, Colorado",[H. Res. 488](https://www.congress.gov/bill/119/HRES/488),"Jun 09, 2025"
[157 (373-14)](https://clerk.house.gov/Votes/2025157),Passed,On Motion to Suspend the Rules and Pass American Cargo for American Ships Act,[H. R. 2035](https://www.congress.gov/bill/119/HR/2035),"Jun 09, 2025"
[156 (217-190)](https://clerk.house.gov/Votes/2025156),Passed,On Passage American Entrepreneurs First Act,[H. R. 2966](https://www.congress.gov/bill/119/HR/2966),"Jun 06, 2025"
[155 (214-198)](https://clerk.house.gov/Votes/2025155),Passed,On Passage CEASE Act,[H. R. 2987](https://www.congress.gov/bill/119/HR/2987),"Jun 05, 2025"
[154 (201-212)](https://clerk.house.gov/Votes/2025154),Failed,On Motion to Recommit CEASE Act,[H. R. 2987](https://www.congress.gov/bill/119/HR/2987),"Jun 05, 2025"
[153 (211-199)](https://clerk.house.gov/Votes/2025153),Passed,On Passage Save SBA from Sanctuary Cities Act,[H. R. 2931](https://www.congress.gov/bill/119/HR/2931),"Jun 05, 2025"
[152 (202-210)](https://clerk.house.gov/Votes/2025152),Failed,On Motion to Recommit Save SBA from Sanctuary Cities Act,[H. R. 2931](https://www.congress.gov/bill/119/HR/2931),"Jun 05, 2025"
[151 (366-57)](https://clerk.house.gov/Votes/2025151),Passed,On Passage SUPPORT for Patients and Communities Reauthorization Act,[H. R. 2483](https://www.congress.gov/bill/119/HR/2483),"Jun 04, 2025"
[150 (213-213)](https://clerk.house.gov/Votes/2025150),Failed,On Agreeing to the Amendment Pettersen of Colorado Part A Amendment No. 3,[H. R. 2483](https://www.congress.gov/bill/119/HR/2483),"Jun 04, 2025"
[149 (217-208)](https://clerk.house.gov/Votes/2025149),Passed,On Agreeing to the Resolution Providing for consideration of the bills (H.R. 2483) the SUPPORT for Patients and Communities Reauthorization Act; (H.R. 2931) the Save SBA from Sanctuary Cities Act; (H.R. 2966) the American Entrepreneurs First Act; and (H.R. 2987) the CEASE Act,[H. Res. 458](https://www.congress.gov/bill/119/HRES/458),"Jun 04, 2025"
[148 (213-206)](https://clerk.house.gov/Votes/2025148),Passed,On Ordering the Previous Question Providing for consideration of the bills (H.R. 2483) the SUPPORT for Patients and Communities Reauthorization Act; (H.R. 2931) the Save SBA from Sanctuary Cities Act; (H.R. 2966) the American Entrepreneurs First Act; and (H.R. 2987) the CEASE Act,[H. Res. 458](https://www.congress.gov/bill/119/HRES/458),"Jun 04, 2025"
[147 (405-3)](https://clerk.house.gov/Votes/2025147),Passed,On Motion to Suspend the Rules and Pass 7(a) Loan Agent Oversight Act,[H. R. 1804](https://www.congress.gov/bill/119/HR/1804),"Jun 03, 2025"
[146 (396-5)](https://clerk.house.gov/Votes/2025146),Passed,On Motion to Suspend the Rules and Pass Connecting Small Businesses with Career and Technical Education Graduates Act,[H. R. 1642](https://www.congress.gov/bill/119/HR/1642),"Jun 03, 2025"
[145 (215-214)](https://clerk.house.gov/Votes/2025145),Passed,On Passage One Big Beautiful Act,[H. R. 1](https://www.congress.gov/bill/119/HR/1),"May 22, 2025"
[144 (212-216)](https://clerk.house.gov/Votes/2025144),Failed,On Motion to Recommit One Big Beautiful Act,[H. R. 1](https://www.congress.gov/bill/119/HR/1),"May 22, 2025"
[143 (216-212)](https://clerk.house.gov/Votes/2025143),Passed,On Passage Providing for congressional disapproval of the rule submitted by the Environmental Protection Agency relating to “Review of Final Rule Reclassification of Major Sources as Area Sources Under Section 112 of the Clean Air Act”,[S. J. Res. 31](https://www.congress.gov/bill/119/SJRES/31),"May 22, 2025"
[142 (217-212)](https://clerk.house.gov/Votes/2025142),Passed,On Agreeing to the Resolution Providing for consideration of the bill (H.R. 1) to provide for reconciliation pursuant to title II of H. Con. Res. 14,[H. Res. 436](https://www.congress.gov/bill/119/HRES/436),"May 22, 2025"
[141 (213-211)](https://clerk.house.gov/Votes/2025141),Passed,On Ordering the Previous Question Providing for consideration of the bill (H.R. 1) to provide for reconciliation pursuant to title II of H. Con. Res. 14,[H. Res. 436](https://www.congress.gov/bill/119/HRES/436),"May 22, 2025"
[140 (216-211)](https://clerk.house.gov/Votes/2025140),Passed,On Consideration of the Resolution Providing for consideration of the bill (H.R. 1) to provide for reconciliation pursuant to title II of H. Con. Res. 14,[H. Res. 436](https://www.congress.gov/bill/119/HRES/436),"May 22, 2025"
[139 (217-211)](https://clerk.house.gov/Votes/2025139),Passed,On Consideration of the Resolution Providing for consideration of the bill (H.R. 1) to provide for reconciliation pursuant to title II of H. Con. Res. 14,[H. Res. 436](https://www.congress.gov/bill/119/HRES/436),"May 22, 2025"
[138 (211-213)](https://clerk.house.gov/Votes/2025138),Failed,On Motion to AdjournVote Type:Yea-And-NayStatus:FailedView DetailsVotesyea:211nay:213present:0not voting:8View Detail,[View Details](/Votes/2025138?Page=6),"May 21, 2025"
[137 (220-207)](https://clerk.house.gov/Votes/2025137),Passed,On Passage Providing for congressional disapproval of the rule submitted by the Office of the Comptroller of the Currency of the Department of the Treasury relating to the review of applications under the Bank Merger Act,[S. J. Res. 13](https://www.congress.gov/bill/119/SJRES/13),"May 20, 2025"
[136 (412-11)](https://clerk.house.gov/Votes/2025136),Passed,On Motion to Suspend the Rules and Pass ANCHOR Act,[H. R. 1223](https://www.congress.gov/bill/119/HR/1223),"May 20, 2025"
[135 (210-208)](https://clerk.house.gov/Votes/2025135),Passed,On Agreeing to the Resolution Providing for consideration of the joint resolutions S.J. Res. 13 and S.J. Res. 31; and waiving a requirement of clause 6(a) of rule XIII with respect to consideration of certain resolutions reported from the Committee on Rules,[H. Res. 426](https://www.congress.gov/bill/119/HRES/426),"May 20, 2025"
[134 (215-207)](https://clerk.house.gov/Votes/2025134),Passed,On Ordering the Previous Question Providing for consideration of the joint resolutions S.J. Res. 13 and S.J. Res. 31; and waiving a requirement of clause 6(a) of rule XIII with respect to consideration of certain resolutions reported from the Committee on Rules,[H. Res. 426](https://www.congress.gov/bill/119/HRES/426),"May 20, 2025"
[133 (386-1)](https://clerk.house.gov/Votes/2025133),Passed,"On Motion to Suspend the Rules and Pass, as Amended Simplifying Forms for Veterans Claims Act",[H. R. 1286](https://www.congress.gov/bill/119/HR/1286),"May 19, 2025"
[132 (334-51)](https://clerk.house.gov/Votes/2025132),Passed,On Motion to Suspend the Rules and Pass Strengthening the Quad Act,[H. R. 1263](https://www.congress.gov/bill/119/HR/1263),"May 19, 2025"
[131 (403-11)](https://clerk.house.gov/Votes/2025131),Passed,On Passage Improving Law Enforcement Officer Safety and Wellness Through Data Act,[H. R. 2240](https://www.congress.gov/bill/119/HR/2240),"May 15, 2025"
[130 (234-182)](https://clerk.house.gov/Votes/2025130),Passed,On Passage Federal Law Enforcement Officer Service Weapon Purchase Act,[H. R. 2255](https://www.congress.gov/bill/119/HR/2255),"May 15, 2025"
[129 (421-1)](https://clerk.house.gov/Votes/2025129),Passed,On Motion to Suspend the Rules and Agree Calling on elected officials and civil society leaders to counter antisemitism and educate the public on the contributions of the Jewish American community,[H. Res. 352](https://www.congress.gov/bill/119/HRES/352),"May 14, 2025"
[128 (229-193)](https://clerk.house.gov/Votes/2025128),Passed,On Passage LEOSA Reform Act,[H. R. 2243](https://www.congress.gov/bill/119/HR/2243),"May 14, 2025"
[127 (216-203)](https://clerk.house.gov/Votes/2025127),Passed,"On Agreeing to the Resolution Providing for consideration of the bills (H.R. 2240) Improving Law Enforcement Officer Safety and Wellness Through Data Act, (H.R. 2243) LEOSA Reform Act, and (H.R. 2255) Federal Law Enforcement Officer Service Weapon Purchase Act",[H. Res. 405](https://www.congress.gov/bill/119/HRES/405),"May 14, 2025"
[126 (216-204)](https://clerk.house.gov/Votes/2025126),Passed,"On Ordering the Previous Question Providing for consideration of the bills (H.R. 2240) Improving Law Enforcement Officer Safety and Wellness Through Data Act, (H.R. 2243) LEOSA Reform Act, and (H.R. 2255) Federal Law Enforcement Officer Service Weapon Purchase Act",[H. Res. 405](https://www.congress.gov/bill/119/HRES/405),"May 14, 2025"
[125 (382-31)](https://clerk.house.gov/Votes/2025125),Passed,On Motion to Suspend the Rules and Pass Salem Maritime National Historical Park Redesignation and Boundary Study Act,[H. R. 2215](https://www.congress.gov/bill/119/HR/2215),"May 14, 2025"
[124 (362-50)](https://clerk.house.gov/Votes/2025124),Passed,"On Motion to Suspend the Rules and Pass To redesignate certain facilities at Paterson Great Falls National Historical Park in honor of Congressman Bill Pascrell, Jr.",[H. R. 249](https://www.congress.gov/bill/119/HR/249),"May 13, 2025"
[123 (411-1)](https://clerk.house.gov/Votes/2025123),Passed,On Motion to Suspend the Rules and Agree Expressing support for local law enforcement officers,[H. Con. Res. 30](https://www.congress.gov/bill/119/HCONRES/30),"May 13, 2025"
[122 (211-206)](https://clerk.house.gov/Votes/2025122),Passed,On Passage Gulf of America Act,[H. R. 276](https://www.congress.gov/bill/119/HR/276),"May 08, 2025"
[121 (203-213)](https://clerk.house.gov/Votes/2025121),Failed,On Motion to Recommit Gulf of America Act,[H. R. 276](https://www.congress.gov/bill/119/HR/276),"May 08, 2025"
[120 (266-153)](https://clerk.house.gov/Votes/2025120),Passed,On Passage DHS Restrictions on Confucius Institutes and Chinese Entities of Concern Act,[H. R. 881](https://www.congress.gov/bill/119/HR/881),"May 07, 2025"
[119 (406-1)](https://clerk.house.gov/Votes/2025119),Passed,On Motion to Suspend the Rules and Pass Stop Forced Organ Harvesting Act,[H. R. 1503](https://www.congress.gov/bill/119/HR/1503),"May 07, 2025"
[118 (213-209)](https://clerk.house.gov/Votes/2025118),Passed,"On Agreeing to the Resolution Providing for consideration of the bill (H.R. 276) Gulf of America Act, and providing for consideration of the bill (H.R. 881) DHS Restrictions on Confucius Institutes and Chinese Entities of Concern Act",[H. Res. 377](https://www.congress.gov/bill/119/HRES/377),"May 06, 2025"
[117 (206-200)](https://clerk.house.gov/Votes/2025117),Passed,"On Ordering the Previous Question Providing for consideration of the bill (H.R. 276) Gulf of America Act, and providing for consideration of the bill (H.R. 881) DHS Restrictions on Confucius Institutes and Chinese Entities of Concern Act",[H. Res. 377](https://www.congress.gov/bill/119/HRES/377),"May 06, 2025"
[116 (349-42)](https://clerk.house.gov/Votes/2025116),Passed,On Motion to Suspend the Rules and Pass MEGOBARI Act,[H. R. 36](https://www.congress.gov/bill/119/HR/36),"May 05, 2025"
[115 (376-5)](https://clerk.house.gov/Votes/2025115),Passed,"On Motion to Suspend the Rules and Pass, as Amended ACES Act",[H. R. 530](https://www.congress.gov/bill/119/HR/530),"May 05, 2025"
[114 (246-164)](https://clerk.house.gov/Votes/2025114),Passed,"On Passage Congressional disapproval, of the rule submitted by the EPA relating to “California State Motor Vehicle and Engine Pollution Control Standards; Advanced Clean Cars II; Waiver of Preemption; Notice of Decision”",[H. J. Res. 88](https://www.congress.gov/bill/119/HJRES/88),"May 01, 2025"
[113 (216-195)](https://clerk.house.gov/Votes/2025113),Passed,"On Passage Congressional disapproval, of the rule submitted by the United States Fish and Wildlife Service relating to “Endangered and Threatened Wildlife and Plants; Endangered Species Status for the San Francisco Bay-Delta Distinct Population Segment of the Longfin Smelt”",[H. J. Res. 78](https://www.congress.gov/bill/119/HJRES/78),"May 01, 2025"
[112 (225-196)](https://clerk.house.gov/Votes/2025112),Passed,"On Passage Congressional disapproval, of the rule submitted by the EPA relating to “California State Motor Vehicle and Engine and Nonroad Engine Pollution Control Standards; The ’Omnibus’ Low NOX Regulation; Waiver of Preemption; Notice of Decision”",[H. J. Res. 89](https://www.congress.gov/bill/119/HJRES/89),"Apr 30, 2025"
[111 (231-191)](https://clerk.house.gov/Votes/2025111),Passed,"On Passage Congressional disapproval, of the rule submitted by the EPA relating to “CA Motor Vehicle and Engine Pollution Control Standards; Heavy-Duty Vehicle and Engine Em Warranty and Maintenance Provisions; Advanced Clean Trucks; Zero Em Airport Shuttle; Zero-Em Power Train Cert.; Waiver of Preemption; Notice of Decision”",[H. J. Res. 87](https://www.congress.gov/bill/119/HJRES/87),"Apr 30, 2025"
[110 (219-205)](https://clerk.house.gov/Votes/2025110),Passed,"On Passage Providing for congressional disapproval under chapter 8 of title 5, United States Code, of the rule submitted by the National Park Service relating to “Glen Canyon National Recreation Area: Motor Vehicles”",[H. J. Res. 60](https://www.congress.gov/bill/119/HJRES/60),"Apr 29, 2025"
[109 (415-9)](https://clerk.house.gov/Votes/2025109),Passed,On Motion to Suspend the Rules and Pass Informing Consumers about Smart Devices Act,[H. R. 859](https://www.congress.gov/bill/119/HR/859),"Apr 29, 2025"
[108 (378-42)](https://clerk.house.gov/Votes/2025108),Passed,"On Motion to Suspend the Rules and Pass, as Amended Youth Poisoning Protection Act",[H. R. 1442](https://www.congress.gov/bill/119/HR/1442),"Apr 29, 2025"
[107 (409-15)](https://clerk.house.gov/Votes/2025107),Passed,On Motion to Suspend the Rules and Pass TICKET Act,[H. R. 1402](https://www.congress.gov/bill/119/HR/1402),"Apr 29, 2025"
[106 (216-208)](https://clerk.house.gov/Votes/2025106),Passed,"On Agreeing to the Resolution Providing for consideration of the joint resolutions H.J. Res. 60, H.J. Res. 78, H.J. Res. 87, H.J. Res. 88, and H.J. Res. 89",[H. Res. 354](https://www.congress.gov/bill/119/HRES/354),"Apr 29, 2025"
[105 (215-206)](https://clerk.house.gov/Votes/2025105),Passed,"On Ordering the Previous Question Providing for consideration of the joint resolutions H.J. Res. 60, H.J. Res. 78, H.J. Res. 87, H.J. Res. 88, and H.J. Res. 89",[H. Res. 354](https://www.congress.gov/bill/119/HRES/354),"Apr 29, 2025"
[104 (409-2)](https://clerk.house.gov/Votes/2025104),Passed,On Motion to Suspend the Rules and Pass TAKE IT DOWN Act,[S. 146](https://www.congress.gov/bill/119/S/146),"Apr 28, 2025"
[103 (365-42)](https://clerk.house.gov/Votes/2025103),Passed,On Motion to Suspend the Rules and Pass Setting Consumer Standards for Lithium-Ion Batteries Act,[H. R. 973](https://www.congress.gov/bill/119/HR/973),"Apr 28, 2025"
[102 (220-208)](https://clerk.house.gov/Votes/2025102),Passed,On Passage SAVE Act,[H. R. 22](https://www.congress.gov/bill/119/HR/22),"Apr 10, 2025"
[101 (211-215)](https://clerk.house.gov/Votes/2025101),Failed,On Motion to Recommit SAVE Act,[H. R. 22](https://www.congress.gov/bill/119/HR/22),"Apr 10, 2025"
[100 (216-214)](https://clerk.house.gov/Votes/2025100),Passed,On Motion to Concur in the Senate Amendment Establishing the congressional budget for the United States Government for fiscal year 2025 and setting forth the appropriate budgetary levels for fiscal years 2026 through 2034,[H. Con. Res. 14](https://www.congress.gov/bill/119/HCONRES/14),"Apr 10, 2025"
[99 (424-0)](https://clerk.house.gov/Votes/202599),Passed,On Motion to Suspend the Rules and Pass Prioritizing Veterans’ Survivors Act,[H. R. 1228](https://www.congress.gov/bill/119/HR/1228),"Apr 09, 2025"
[98 (219-213)](https://clerk.house.gov/Votes/202598),Passed,On Passage No Rogue Rulings Act,[H. R. 1526](https://www.congress.gov/bill/119/HR/1526),"Apr 09, 2025"
[97 (212-217)](https://clerk.house.gov/Votes/202597),Failed,On Motion to Recommit No Rogue Rulings Act,[H. R. 1526](https://www.congress.gov/bill/119/HR/1526),"Apr 09, 2025"
[96 (217-211)](https://clerk.house.gov/Votes/202596),Passed,On Passage Disapproving the rule submitted by the Bureau of Consumer Financial Protection relating to “Overdraft Lending: Very Large Financial Institutions”,[S. J. Res. 18](https://www.congress.gov/bill/119/SJRES/18),"Apr 09, 2025"
[95 (219-211)](https://clerk.house.gov/Votes/202595),Passed,On Passage Disappoving the rule submitted by the Bureau of Consumer Financial Protection relating to “Defining Larger Participants of a Market for General-Use Digital Consumer Payment Applications”,[S. J. Res. 28](https://www.congress.gov/bill/119/SJRES/28),"Apr 09, 2025"
[94 (216-215)](https://clerk.house.gov/Votes/202594),Passed,"On Agreeing to the Resolution Providing for consideration of the Senate amendment to the concurrent resolution (H. Con. Res. 14) establishing the congressional budget for the United States Government for fiscal year 2025 and setting forth the appropriate budgetary levels for fiscal years 2026 through 2034, and for other purposes",[H. Res. 313](https://www.congress.gov/bill/119/HRES/313),"Apr 09, 2025"
[93 (217-212)](https://clerk.house.gov/Votes/202593),Passed,"On Ordering the Previous Question Providing for consideration of the Senate amendment to the concurrent resolution (H. Con. Res. 14) establishing the congressional budget for the United States Government for fiscal year 2025 and setting forth the appropriate budgetary levels for fiscal years 2026 through 2034, and for other purposes",[H. Res. 313](https://www.congress.gov/bill/119/HRES/313),"Apr 09, 2025"
[92 (213-211)](https://clerk.house.gov/Votes/202592),Passed,On Agreeing to the Resolution Providing for consideration of the joint resolutions S.J. Res. 18 and S.J. Res. 28; providing for consideration of the bills H.R. 1526 and H.R. 22; and for other purposes,[H. Res. 294](https://www.congress.gov/bill/119/HRES/294),"Apr 08, 2025"
[91 (213-211)](https://clerk.house.gov/Votes/202591),Passed,On Ordering the Previous Question Providing for consideration of the joint resolutions S.J. Res. 18 and S.J. Res. 28; providing for consideration of the bills H.R. 1526 and H.R. 22; and for other purposes,[H. Res. 294](https://www.congress.gov/bill/119/HRES/294),"Apr 08, 2025"
[90 (412-0)](https://clerk.house.gov/Votes/202590),Passed,"On Motion to Suspend the Rules and Pass, as Amended Clear Communication for Veterans Claims Act",[H. R. 1039](https://www.congress.gov/bill/119/HR/1039),"Apr 07, 2025"
[89 (411-0)](https://clerk.house.gov/Votes/202589),Passed,"On Motion to Suspend the Rules and Pass, as Amended Vietnam Veterans Liver Fluke Cancer Study Act",[H. R. 586](https://www.congress.gov/bill/119/HR/586),"Apr 07, 2025"
[88 (423-0)](https://clerk.house.gov/Votes/202588),Passed,"On Motion to Suspend the Rules and Pass, as Amended Disaster Related Extension of Deadlines Act",[H. R. 1491](https://www.congress.gov/bill/119/HR/1491),"Apr 01, 2025"
[87 (206-222)](https://clerk.house.gov/Votes/202587),Failed,On Agreeing to the Resolution Providng for consideration of the joint resolutions S.J.Res. 18 and S.J.Res 28; providing for consideration of the bills H.R. 1526 and H.R. 22; and for other purposes,[H. Res. 282](https://www.congress.gov/bill/119/HRES/282),"Apr 01, 2025"
[86 (215-213)](https://clerk.house.gov/Votes/202586),Passed,On Ordering the Previous Question Providng for consideration of the joint resolutions S.J.Res. 18 and S.J.Res 28; providing for consideration of the bills H.R. 1526 and H.R. 22; and for other purposes,[H. Res. 282](https://www.congress.gov/bill/119/HRES/282),"Apr 01, 2025"
[85 (385-0)](https://clerk.house.gov/Votes/202585),Passed,"On Motion to Suspend the Rules and Pass, as Amended National Taxpayer Advocate Enhancement Act",[H. R. 997](https://www.congress.gov/bill/119/HR/997),"Mar 31, 2025"
[84 (388-0)](https://clerk.house.gov/Votes/202584),Passed,"On Motion to Suspend the Rules and Pass, as Amended Filing Relief for Natural Disasters Act",[H. R. 517](https://www.congress.gov/bill/119/HR/517),"Mar 31, 2025"
[83 (241-169)](https://clerk.house.gov/Votes/202583),Passed,On Passage DETERRENT Act,[H. R. 1048](https://www.congress.gov/bill/119/HR/1048),"Mar 27, 2025"
[82 (4-404)](https://clerk.house.gov/Votes/202582),Failed,On Agreeing to the Amendment Tlaib of Michigan Amendment No. 6,[H. R. 1048](https://www.congress.gov/bill/119/HR/1048),"Mar 27, 2025"
[81 (3-410)](https://clerk.house.gov/Votes/202581),Failed,On Agreeing to the Amendment Tlaib of Michigan Amendment No. 5,[H. R. 1048](https://www.congress.gov/bill/119/HR/1048),"Mar 27, 2025"
[80 (92-321)](https://clerk.house.gov/Votes/202580),Failed,On Agreeing to the Amendment Self of Texas Amendment No. 4,[H. R. 1048](https://www.congress.gov/bill/119/HR/1048),"Mar 27, 2025"
[79 (199-214)](https://clerk.house.gov/Votes/202579),Failed,On Agreeing to the Amendment Scott of Virginia Amendment No. 3,[H. R. 1048](https://www.congress.gov/bill/119/HR/1048),"Mar 27, 2025"
[78 (214-193)](https://clerk.house.gov/Votes/202578),Passed,"On Passage Providing for congressional disapproval of the rule submitted by the Office of Energy Efficiency and Renewable Energy, Department of Energy relating to “Energy Conservation Program: Energy Conservation Standards for Commercial Refrigerators, Freezers, and Refrigerator-Freezers”",[H. J. Res. 75](https://www.congress.gov/bill/119/HJRES/75),"Mar 27, 2025"
[77 (203-182)](https://clerk.house.gov/Votes/202577),Passed,"On Passage Providing for congressional disapproval under chapter 8 of title 5, United States Code, of the rule submitted by the Department of Energy relating to “Energy Conservation Program: Energy Conservation Standards for Walk-In Coolers and Walk-In Freezers”",[H. J. Res. 24](https://www.congress.gov/bill/119/HJRES/24),"Mar 27, 2025"
[76 (214-207)](https://clerk.house.gov/Votes/202576),Passed,"On Agreeing to the Resolution Providing for consideration of the joint resolutions H. J. Res 24 and H. J. Res. 75; and providing for consideration of the bill H.R. 1048, and for other purposes",[H. Res. 242](https://www.congress.gov/bill/119/HRES/242),"Mar 25, 2025"
[75 (215-208)](https://clerk.house.gov/Votes/202575),Passed,"On Ordering the Previous Question Providing for consideration of the joint resolutions H. J. Res 24 and H. J. Res. 75; and providing for consideration of the bill H.R. 1048, and for other purposes",[H. Res. 242](https://www.congress.gov/bill/119/HRES/242),"Mar 25, 2025"
[74 (350-73)](https://clerk.house.gov/Votes/202574),Passed,On Motion to Suspend the Rules and Pass IMPACT Act,[H. R. 1534](https://www.congress.gov/bill/119/HR/1534),"Mar 25, 2025"
[73 (372-35)](https://clerk.house.gov/Votes/202573),Passed,On Motion to Suspend the Rules and Pass DOE and USDA Interagency Research Act,[H. R. 1326](https://www.congress.gov/bill/119/HR/1326),"Mar 24, 2025"
[72 (405-0)](https://clerk.house.gov/Votes/202572),Passed,On Motion to Suspend the Rules and Pass Cost-Share Accountability Act,[H. R. 359](https://www.congress.gov/bill/119/HR/359),"Mar 24, 2025"
[71 (292-132)](https://clerk.house.gov/Votes/202571),Passed,"On Passage Providing for congressional disapproval under chapter 8 of title 5, United States Code, of the rule submitted by the Internal Revenue Service relating to “Gross Proceeds Reporting by Brokers That Regularly Provide Services Effectuating Digital Asset Sales”",[H. J. Res. 25](https://www.congress.gov/bill/119/HJRES/25),"Mar 11, 2025"
[70 (217-213)](https://clerk.house.gov/Votes/202570),Passed,"On Passage Full-Year Continuing Appropriations and Extensions Act, 2025",[H. R. 1968](https://www.congress.gov/bill/119/HR/1968),"Mar 11, 2025"
[69 (213-216)](https://clerk.house.gov/Votes/202569),Failed,"On Motion to Recommit Full-Year Continuing Appropriations and Extensions Act, 2025",[H. R. 1968](https://www.congress.gov/bill/119/HR/1968),"Mar 11, 2025"
[68 (295-127)](https://clerk.house.gov/Votes/202568),Passed,On Passage Pandemic Unemployment Fraud Enforcement Act,[H. R. 1156](https://www.congress.gov/bill/119/HR/1156),"Mar 11, 2025"
[67 (216-214)](https://clerk.house.gov/Votes/202567),Passed,On Agreeing to the Resolution Providing for consideration of the joint resolution (H.J. Res. 25); providing for consideration of the bill (H.R. 1156); providing for consideration of the bill (H.R. 1968); and for other purposes.,[H. Res. 211](https://www.congress.gov/bill/119/HRES/211),"Mar 11, 2025"
[66 (216-212)](https://clerk.house.gov/Votes/202566),Passed,On Ordering the Previous Question Providing for consideration of the joint resolution (H.J. Res. 25); providing for consideration of the bill (H.R. 1156); providing for consideration of the bill (H.R. 1968); and for other purposes.,[H. Res. 211](https://www.congress.gov/bill/119/HRES/211),"Mar 11, 2025"
[65 (406-9)](https://clerk.house.gov/Votes/202565),Passed,On Motion to Suspend the Rules and Pass Emerging Innovative Border Technologies Act,[H. R. 993](https://www.congress.gov/bill/119/HR/993),"Mar 10, 2025"
[64 (410-1)](https://clerk.house.gov/Votes/202564),Passed,On Motion to Suspend the Rules and Pass Research Security and Accountability in DHS Act,[H. R. 901](https://www.congress.gov/bill/119/HR/901),"Mar 10, 2025"
[63 (402-1)](https://clerk.house.gov/Votes/202563),Passed,On Motion to Suspend the Rules and Pass Subterranean Border Defense Act,[H. R. 495](https://www.congress.gov/bill/119/HR/495),"Mar 10, 2025"
[62 (224-198)](https://clerk.house.gov/Votes/202562),Passed,On Agreeing to the Resolution Censuring Representative Al Green of Texas,[H. Res. 189](https://www.congress.gov/bill/119/HRES/189),"Mar 06, 2025"
[61 (221-202)](https://clerk.house.gov/Votes/202561),Passed,"On Passage Providing for congressional disapproval under chapter 8 of title 5, United States Code, of the rule submitted by the Bureau of Ocean Energy Management relating to “Protection of Marine Archaeological Resources”",[S. J. Res. 11](https://www.congress.gov/bill/119/SJRES/11),"Mar 06, 2025"
[60 (209-211)](https://clerk.house.gov/Votes/202560),Failed,On Motion to Table Censuring Representative Al Green of Texas,[H. Res. 189](https://www.congress.gov/bill/119/HRES/189),"Mar 05, 2025"
[59 (222-203)](https://clerk.house.gov/Votes/202559),Passed,"On Passage Providing for congressional disapproval of the rule submitted by the Department of Energy relating to “Energy Conservation Program for Appliance Standards: Certification Requirements, Labeling Requirements, and Enforcement Provisions for Certain Consumer Products and Commercial Equipment”",[H. J. Res. 42](https://www.congress.gov/bill/119/HJRES/42),"Mar 05, 2025"
[58 (216-202)](https://clerk.house.gov/Votes/202558),Passed,"On Passage Providing for congressional disapproval under chapter 8 of title 5, United States Code, of the rule submitted by the Environmental Protection Agency relating to “National Emission Standards for Hazardous Air Pollutants: Rubber Tire Manufacturing”",[H. J. Res. 61](https://www.congress.gov/bill/119/HJRES/61),"Mar 05, 2025"
[57 (211-209)](https://clerk.house.gov/Votes/202557),Passed,"On Agreeing to the Resolution Providing for consideration of the joint resolutions H.J. Res 42, H.J. Res. 61, and S.J. Res. 11",[H. Res. 177](https://www.congress.gov/bill/119/HRES/177),"Mar 04, 2025"
[56 (196-187)](https://clerk.house.gov/Votes/202556),Passed,"On Ordering the Previous Question Providing for consideration of the joint resolutions H.J. Res 42, H.J. Res. 61, and S.J. Res. 11",[H. Res. 177](https://www.congress.gov/bill/119/HRES/177),"Mar 04, 2025"
[55 (402-16)](https://clerk.house.gov/Votes/202555),Passed,On Motion to Suspend the Rules and Pass Mail Traffic Deaths Reporting Act,[H. R. 758](https://www.congress.gov/bill/119/HR/758),"Mar 03, 2025"
[54 (417-0)](https://clerk.house.gov/Votes/202554),Passed,On Motion to Suspend the Rules and Pass Safe and Smart Federal Purchasing Act,[H. R. 856](https://www.congress.gov/bill/119/HR/856),"Mar 03, 2025"
[53 (221-198)](https://clerk.house.gov/Votes/202553),Passed,"On Passage Providing for congressional disapproval under chapter 8 of title 5, United States Code, of the rule submitted by the Department of Energy relating to “Energy Conservation Program: Energy Conservation Standards for Consumer Gas-fired Instantaneous Water Heaters”",[H. J. Res. 20](https://www.congress.gov/bill/119/HJRES/20),"Feb 27, 2025"
[52 (220-206)](https://clerk.house.gov/Votes/202552),Passed,"On Passage Providing for congressional disapproval under chapter 8 of title 5, United States Code, of the rule submitted by the Environmental Protection Agency relating to “Waste Emissions Charge for Petroleum and Natural Gas Systems: Procedures for Facilitating Compliance, Including Netting and Exemptions”",[H. J. Res. 35](https://www.congress.gov/bill/119/HJRES/35),"Feb 26, 2025"
[51 (424-0)](https://clerk.house.gov/Votes/202551),Passed,"On Motion to Suspend the Rules and Pass, as Amended Medal of Honor Act",[H. R. 695](https://www.congress.gov/bill/119/HR/695),"Feb 26, 2025"
[50 (217-215)](https://clerk.house.gov/Votes/202550),Passed,"On Agreeing to the Resolution, as Amended Establishing the congressional budget for the United States Government for fiscal year 2025 and setting forth the appropriate budgetary levels for fiscal years 2026 through 2034",[H. Con. Res. 14](https://www.congress.gov/bill/119/HCONRES/14),"Feb 25, 2025"
[49 (415-8)](https://clerk.house.gov/Votes/202549),Passed,On Motion to Suspend the Rules and Pass Rural Small Business Resilience Act,[H. R. 804](https://www.congress.gov/bill/119/HR/804),"Feb 25, 2025"
[48 (427-3)](https://clerk.house.gov/Votes/202548),Passed,On Motion to Suspend the Rules and Pass DOE and SBA Research Act,[H. R. 788](https://www.congress.gov/bill/119/HR/788),"Feb 25, 2025"
[47 (217-211)](https://clerk.house.gov/Votes/202547),Passed,On Agreeing to the Resolution Providing for consideration of the joint resolution (H.J. Res. 20); providing for consideration of the joint resolution (H.J. Res. 35); and providing for consideration of the concurrent resolution (H. Con. Res. 14),[H. Res. 161](https://www.congress.gov/bill/119/HRES/161),"Feb 25, 2025"
[46 (216-210)](https://clerk.house.gov/Votes/202546),Passed,On Ordering the Previous Question Providing for consideration of the joint resolution (H.J. Res. 20); providing for consideration of the joint resolution (H.J. Res. 35); and providing for consideration of the concurrent resolution (H. Con. Res. 14),[H. Res. 161](https://www.congress.gov/bill/119/HRES/161),"Feb 25, 2025"
[45 (384-25)](https://clerk.house.gov/Votes/202545),Passed,On Motion to Suspend the Rules and Pass SPUR Act,[H. R. 818](https://www.congress.gov/bill/119/HR/818),"Feb 24, 2025"
[44 (396-15)](https://clerk.house.gov/Votes/202544),Passed,On Motion to Suspend the Rules and Pass Small Business Advocacy Improvements Act,[H. R. 832](https://www.congress.gov/bill/119/HR/832),"Feb 24, 2025"
[43 (405-0)](https://clerk.house.gov/Votes/202543),Passed,On Motion to Suspend the Rules and Pass Assisting Small Businesses Not Fraudsters Act,[H. R. 825](https://www.congress.gov/bill/119/HR/825),"Feb 24, 2025"
[42 (264-155)](https://clerk.house.gov/Votes/202542),Passed,On Passage Agent Raul Gonzalez Officer Safety Act,[H. R. 35](https://www.congress.gov/bill/119/HR/35),"Feb 13, 2025"
[41 (212-208)](https://clerk.house.gov/Votes/202541),Passed,On Passage Midnight Rules Relief Act,[H. R. 77](https://www.congress.gov/bill/119/HR/77),"Feb 12, 2025"
[40 (205-213)](https://clerk.house.gov/Votes/202540),Failed,On Motion to Recommit Midnight Rules Relief Act,[H. R. 77](https://www.congress.gov/bill/119/HR/77),"Feb 12, 2025"
[39 (216-205)](https://clerk.house.gov/Votes/202539),Passed,On Agreeing to the Resolution Providing for consideration of the bill (H.R. 77) the Midnight Rules Relief Act,[H. Res. 122](https://www.congress.gov/bill/119/HRES/122),"Feb 11, 2025"
[38 (210-184)](https://clerk.house.gov/Votes/202538),Passed,On Ordering the Previous Question Providing for consideration of the bill (H.R. 77) the Midnight Rules Relief Act,[H. Res. 122](https://www.congress.gov/bill/119/HRES/122),"Feb 11, 2025"
[37 (408-0)](https://clerk.house.gov/Votes/202537),Passed,On Motion to Suspend the Rules and Pass Protect Small Businesses from Excessive Paperwork Act,[H. R. 736](https://www.congress.gov/bill/119/HR/736),"Feb 10, 2025"
[36 (388-7)](https://clerk.house.gov/Votes/202536),Passed,"On Motion to Suspend the Rules and Pass, as Amended China Exchange Rate Transparency Act",[H. R. 692](https://www.congress.gov/bill/119/HR/692),"Feb 10, 2025"
[35 (226-188)](https://clerk.house.gov/Votes/202535),Passed,On Passage Protecting American Energy Production Act,[H. R. 26](https://www.congress.gov/bill/119/HR/26),"Feb 07, 2025"
[34 (205-207)](https://clerk.house.gov/Votes/202534),Failed,On Motion to Recommit Protecting American Energy Production Act,[H. R. 26](https://www.congress.gov/bill/119/HR/26),"Feb 07, 2025"
[33 (312-108)](https://clerk.house.gov/Votes/202533),Passed,On Passage HALT Fentanyl Act,[H. R. 27](https://www.congress.gov/bill/119/HR/27),"Feb 06, 2025"
[32 (182-226)](https://clerk.house.gov/Votes/202532),Failed,On Agreeing to the Amendment Trahan of Massachusetts Part B Amendment No. 2,[H. R. 27](https://www.congress.gov/bill/119/HR/27),"Feb 06, 2025"
[31 (215-208)](https://clerk.house.gov/Votes/202531),Passed,"On Agreeing to the Resolution Providing for consideration of the bill (H.R. 27) to amend the Controlled Substances Act with respect to the scheduling of fentanyl-related substances, and for other purposes",[H. Res. 93](https://www.congress.gov/bill/119/HRES/93),"Feb 05, 2025"
[30 (212-208)](https://clerk.house.gov/Votes/202530),Passed,"On Ordering the Previous Question Providing for consideration of the bill (H.R. 27) to amend the Controlled Substances Act with respect to the scheduling of fentanyl-related substances, and for other purposes",[H. Res. 93](https://www.congress.gov/bill/119/HRES/93),"Feb 05, 2025"
[29 (361-56)](https://clerk.house.gov/Votes/202529),Passed,On Motion to Suspend the Rules and Pass Nutria Eradication and Control Reauthorization Act,[H. R. 776](https://www.congress.gov/bill/119/HR/776),"Feb 04, 2025"
[28 (412-1)](https://clerk.house.gov/Votes/202528),Passed,On Motion to Suspend the Rules and Pass Alaska Native Village Municipal Lands Restoration Act,[H. R. 43](https://www.congress.gov/bill/119/HR/43),"Feb 04, 2025"
[27 (217-204)](https://clerk.house.gov/Votes/202527),Passed,On Passage Born-Alive Abortion Survivors Protection Act,[H. R. 21](https://www.congress.gov/bill/119/HR/21),"Jan 23, 2025"
[26 (205-216)](https://clerk.house.gov/Votes/202526),Failed,On Motion to Recommit Born-Alive Abortion Survivors Protection Act,[H. R. 21](https://www.congress.gov/bill/119/HR/21),"Jan 23, 2025"
[25 (279-141)](https://clerk.house.gov/Votes/202525),Passed,On Passage Fix Our Forests Act,[H. R. 471](https://www.congress.gov/bill/119/HR/471),"Jan 23, 2025"
[24 (359-62)](https://clerk.house.gov/Votes/202524),Passed,On Motion to Suspend the Rules and Pass Continued Rapid Ohia Death Response Act,[H. R. 375](https://www.congress.gov/bill/119/HR/375),"Jan 23, 2025"
[23 (263-156)](https://clerk.house.gov/Votes/202523),Passed,On Passage Laken Riley Act,[S. 5](https://www.congress.gov/bill/119/S/5),"Jan 22, 2025"
[22 (416-0)](https://clerk.house.gov/Votes/202522),Passed,On Motion to Suspend the Rules and Pass Wounded Knee Massacre Memorial and Sacred Site Act,[H. R. 165](https://www.congress.gov/bill/119/HR/165),"Jan 22, 2025"
[21 (213-204)](https://clerk.house.gov/Votes/202521),Passed,On Agreeing to the Resolution Providing for consideration of the bill (H.R. 471) the Fix Our Forests Act; and providing for consideration of the bill (S. 5) the Laken Riley Act,[H. Res. 53](https://www.congress.gov/bill/119/HRES/53),"Jan 22, 2025"
[20 (214-204)](https://clerk.house.gov/Votes/202520),Passed,On Ordering the Previous Question Providing for consideration of the bill (H.R. 471) the Fix Our Forests Act; and providing for consideration of the bill (S. 5) the Laken Riley Act,[H. Res. 53](https://www.congress.gov/bill/119/HRES/53),"Jan 22, 2025"
[19 (413-0)](https://clerk.house.gov/Votes/202519),Passed,"On Motion to Suspend the Rules and Pass, as Amended MAPWaters Act",[H. R. 187](https://www.congress.gov/bill/119/HR/187),"Jan 21, 2025"
[18 (414-0)](https://clerk.house.gov/Votes/202518),Passed,On Motion to Suspend the Rules and Pass Hershel “Woody” Williams National Medal of Honor Monument Location Act,[H. R. 186](https://www.congress.gov/bill/119/HR/186),"Jan 21, 2025"
[17 (274-145)](https://clerk.house.gov/Votes/202517),Passed,On Passage Preventing Violence Against Women by Illegal Aliens Act,[H. R. 30](https://www.congress.gov/bill/119/HR/30),"Jan 16, 2025"
[16 (206-213)](https://clerk.house.gov/Votes/202516),Failed,On Motion to Recommit Preventing Violence Against Women by Illegal Aliens Act,[H. R. 30](https://www.congress.gov/bill/119/HR/30),"Jan 16, 2025"
[15 (423-1)](https://clerk.house.gov/Votes/202515),Passed,On Passage To amend the Internal Revenue Code of 1986 to provide special rules for the taxation of certain residents of Taiwan with income from sources within the United States,[H. R. 33](https://www.congress.gov/bill/119/HR/33),"Jan 15, 2025"
[14 (423-0)](https://clerk.house.gov/Votes/202514),Passed,On Motion to Suspend the Rules and Pass Tennessee Valley Authority Salary Transparency Act,[H. R. 144](https://www.congress.gov/bill/119/HR/144),"Jan 15, 2025"
[13 (419-2)](https://clerk.house.gov/Votes/202513),Passed,On Motion to Suspend the Rules and Pass POWER Act,[H. R. 164](https://www.congress.gov/bill/119/HR/164),"Jan 15, 2025"
[12 (218-206)](https://clerk.house.gov/Votes/202512),Passed,On Passage Protection of Women and Girls in Sports Act,[H. R. 28](https://www.congress.gov/bill/119/HR/28),"Jan 14, 2025"
[11 (208-218)](https://clerk.house.gov/Votes/202511),Failed,On Motion to Recommit Protection of Women and Girls in Sports Act,[H. R. 28](https://www.congress.gov/bill/119/HR/28),"Jan 14, 2025"
[10 (426-0)](https://clerk.house.gov/Votes/202510),Passed,On Motion to Suspend the Rules and Pass Post-Disaster Assistance Online Accountability Act,[H. R. 153](https://www.congress.gov/bill/119/HR/153),"Jan 14, 2025"
[9 (405-5)](https://clerk.house.gov/Votes/20259),Passed,On Motion to Suspend the Rules and Pass Federal Disaster Assistance Coordination Act,[H. R. 152](https://www.congress.gov/bill/119/HR/152),"Jan 13, 2025"
[8 (407-0)](https://clerk.house.gov/Votes/20258),Passed,On Motion to Suspend the Rules and Pass Amtrak Executive Bonus Disclosure Act,[H. R. 192](https://www.congress.gov/bill/119/HR/192),"Jan 13, 2025"
[7 (243-140)](https://clerk.house.gov/Votes/20257),Passed,On Passage Illegitimate Court Counteraction Act,[H. R. 23](https://www.congress.gov/bill/119/HR/23),"Jan 09, 2025"
[6 (264-159)](https://clerk.house.gov/Votes/20256),Passed,On Passage Laken Riley Act,[H. R. 29](https://www.congress.gov/bill/119/HR/29),"Jan 07, 2025"
[5 (215-209)](https://clerk.house.gov/Votes/20255),Passed,"On Agreeing to the Resolution Adopting the Rules of the House of Representatives for the One Hundred Nineteenth Congress, and for other purposes",[H. Res. 5](https://www.congress.gov/bill/119/HRES/5),"Jan 03, 2025"
[4 (209-214)](https://clerk.house.gov/Votes/20254),Failed,"On Motion to Commit with Instructions Adopting the Rules of the House of Representatives for the One Hundred Nineteenth Congress, and for other purposes",[H. Res. 5](https://www.congress.gov/bill/119/HRES/5),"Jan 03, 2025"
[3 (216-210)](https://clerk.house.gov/Votes/20253),Passed,"On Ordering the Previous Question Adopting the Rules of the House of Representatives for the One Hundred Nineteenth Congress, and for other purposes",[H. Res. 5](https://www.congress.gov/bill/119/HRES/5),"Jan 03, 2025"
[2 (0-0)](https://clerk.house.gov/Votes/20252),Speaker Mike Johnson,Election of the Speaker,[View Details](/Votes/20252?Page=20),"Jan 03, 2025"
[1 (0-0)](https://clerk.house.gov/Votes/20251),Passed,Call by States: Quorum,[View Details](/Votes/20251?Page=20),"Jan 03, 2025"
